{
  "Total" : {
    "transaction" : "Total",
    "sampleCount" : 1,
    "errorCount" : 0,
    "errorPct" : 0.0,
    "meanResTime" : 647.0,
    "medianResTime" : 647.0,
    "minResTime" : 647.0,
    "maxResTime" : 647.0,
    "pct1ResTime" : 647.0,
    "pct2ResTime" : 647.0,
    "pct3ResTime" : 647.0,
    "throughput" : 1.5455950540958268,
    "receivedKBytesPerSec" : 27.88410452086553,
    "sentKBytesPerSec" : 0.17659630989180833
  },
  "HTTP Request" : {
    "transaction" : "HTTP Request",
    "sampleCount" : 1,
    "errorCount" : 0,
    "errorPct" : 0.0,
    "meanResTime" : 647.0,
    "medianResTime" : 647.0,
    "minResTime" : 647.0,
    "maxResTime" : 647.0,
    "pct1ResTime" : 647.0,
    "pct2ResTime" : 647.0,
    "pct3ResTime" : 647.0,
    "throughput" : 1.5455950540958268,
    "receivedKBytesPerSec" : 27.88410452086553,
    "sentKBytesPerSec" : 0.17659630989180833
  }
}