{
  "Total" : {
    "transaction" : "Total",
    "sampleCount" : 1,
    "errorCount" : 0,
    "errorPct" : 0.0,
    "meanResTime" : 1376.0,
    "medianResTime" : 1376.0,
    "minResTime" : 1376.0,
    "maxResTime" : 1376.0,
    "pct1ResTime" : 1376.0,
    "pct2ResTime" : 1376.0,
    "pct3ResTime" : 1376.0,
    "throughput" : 0.7267441860465116,
    "receivedKBytesPerSec" : 13.12610714934593,
    "sentKBytesPerSec" : 0.08303620094476745
  },
  "HTTP Request" : {
    "transaction" : "HTTP Request",
    "sampleCount" : 1,
    "errorCount" : 0,
    "errorPct" : 0.0,
    "meanResTime" : 1376.0,
    "medianResTime" : 1376.0,
    "minResTime" : 1376.0,
    "maxResTime" : 1376.0,
    "pct1ResTime" : 1376.0,
    "pct2ResTime" : 1376.0,
    "pct3ResTime" : 1376.0,
    "throughput" : 0.7267441860465116,
    "receivedKBytesPerSec" : 13.12610714934593,
    "sentKBytesPerSec" : 0.08303620094476745
  }
}