{
  "Total" : {
    "transaction" : "Total",
    "sampleCount" : 1,
    "errorCount" : 0,
    "errorPct" : 0.0,
    "meanResTime" : 380.0,
    "medianResTime" : 380.0,
    "minResTime" : 380.0,
    "maxResTime" : 380.0,
    "pct1ResTime" : 380.0,
    "pct2ResTime" : 380.0,
    "pct3ResTime" : 380.0,
    "throughput" : 2.631578947368421,
    "receivedKBytesPerSec" : 47.76418585526316,
    "sentKBytesPerSec" : 0.3006784539473684
  },
  "HTTP Request" : {
    "transaction" : "HTTP Request",
    "sampleCount" : 1,
    "errorCount" : 0,
    "errorPct" : 0.0,
    "meanResTime" : 380.0,
    "medianResTime" : 380.0,
    "minResTime" : 380.0,
    "maxResTime" : 380.0,
    "pct1ResTime" : 380.0,
    "pct2ResTime" : 380.0,
    "pct3ResTime" : 380.0,
    "throughput" : 2.631578947368421,
    "receivedKBytesPerSec" : 47.76418585526316,
    "sentKBytesPerSec" : 0.3006784539473684
  }
}